<application>
  <component name="dataSourceStorage" format="xml" multifile-model="true">
    <data-source source="LOCAL" name="@localhost mysql" uuid="1bd1a59d-8ab0-4278-9020-b35ba49d6c92">
      <driver-ref>mysql.8</driver-ref>
      <synchronize>true</synchronize>
      <jdbc-driver>com.mysql.cj.jdbc.Driver</jdbc-driver>
      <jdbc-url>jdbc:mysql://localhost:3306</jdbc-url>
      <jdbc-additional-properties>
        <property name="com.intellij.clouds.kubernetes.db.host.port" />
        <property name="com.intellij.clouds.kubernetes.db.enabled" value="false" />
        <property name="com.intellij.clouds.kubernetes.db.resource.type" value="Deployment" />
        <property name="com.intellij.clouds.kubernetes.db.container.port" />
      </jdbc-additional-properties>
      <working-dir>$ProjectFileDir$</working-dir>
    </data-source>
    <data-source source="LOCAL" name="QA OLTP" uuid="a8a0bc1e-6e1c-48e0-9651-37ce4ad06fa4">
      <driver-ref>mysql.8</driver-ref>
      <synchronize>true</synchronize>
      <jdbc-driver>com.mysql.cj.jdbc.Driver</jdbc-driver>
      <jdbc-url>jdbc:mysql://dbproxy-vip:3306</jdbc-url>
      <jdbc-additional-properties>
        <property name="com.intellij.clouds.kubernetes.db.host.port" />
        <property name="com.intellij.clouds.kubernetes.db.enabled" value="false" />
        <property name="com.intellij.clouds.kubernetes.db.container.port" />
      </jdbc-additional-properties>
      <working-dir>$ProjectFileDir$</working-dir>
    </data-source>
    <data-source source="LOCAL" name="QA TDS" uuid="f94b3383-8064-4496-b24a-4068feff44e7">
      <driver-ref>mysql.8</driver-ref>
      <synchronize>true</synchronize>
      <jdbc-driver>com.mysql.cj.jdbc.Driver</jdbc-driver>
      <jdbc-url>jdbc:mysql://tdsproxy-vip:3306</jdbc-url>
      <working-dir>$ProjectFileDir$</working-dir>
    </data-source>
    <data-source source="LOCAL" name="PROD TDS" uuid="644aa8b4-1300-459a-b1c9-cbf08396db40">
      <driver-ref>mysql.8</driver-ref>
      <synchronize>true</synchronize>
      <jdbc-driver>com.mysql.cj.jdbc.Driver</jdbc-driver>
      <jdbc-url>jdbc:mysql://tdsproxy-vip:3306</jdbc-url>
      <jdbc-additional-properties>
        <property name="com.intellij.clouds.kubernetes.db.host.port" />
        <property name="com.intellij.clouds.kubernetes.db.enabled" value="false" />
        <property name="com.intellij.clouds.kubernetes.db.resource.type" value="Deployment" />
        <property name="com.intellij.clouds.kubernetes.db.container.port" />
      </jdbc-additional-properties>
      <working-dir>$ProjectFileDir$</working-dir>
    </data-source>
    <data-source source="LOCAL" name="PROD OLTP" uuid="865f291d-47b9-43b6-ad85-2a8b3dc00a0b">
      <driver-ref>mysql.8</driver-ref>
      <synchronize>true</synchronize>
      <jdbc-driver>com.mysql.cj.jdbc.Driver</jdbc-driver>
      <jdbc-url>jdbc:mysql://dbproxy-vip:3306</jdbc-url>
      <jdbc-additional-properties>
        <property name="com.intellij.clouds.kubernetes.db.host.port" />
        <property name="com.intellij.clouds.kubernetes.db.enabled" value="false" />
        <property name="com.intellij.clouds.kubernetes.db.resource.type" value="Deployment" />
        <property name="com.intellij.clouds.kubernetes.db.container.port" />
      </jdbc-additional-properties>
      <working-dir>$ProjectFileDir$</working-dir>
    </data-source>
    <data-source source="LOCAL" name="CTE OLTP &amp; TDS" uuid="1e45d224-1293-4b47-aca1-763312747445">
      <driver-ref>mysql.8</driver-ref>
      <synchronize>true</synchronize>
      <jdbc-driver>com.mysql.cj.jdbc.Driver</jdbc-driver>
      <jdbc-url>jdbc:mysql://dbproxy-vip:3306</jdbc-url>
      <jdbc-additional-properties>
        <property name="com.intellij.clouds.kubernetes.db.host.port" />
        <property name="com.intellij.clouds.kubernetes.db.enabled" value="false" />
        <property name="com.intellij.clouds.kubernetes.db.container.port" />
      </jdbc-additional-properties>
      <working-dir>$ProjectFileDir$</working-dir>
    </data-source>
    <data-source source="LOCAL" name="MTE OLTP &amp; TDS" uuid="57c7d304-3604-4af3-9b55-6f1e525e9c15">
      <driver-ref>mysql.8</driver-ref>
      <synchronize>true</synchronize>
      <jdbc-driver>com.mysql.cj.jdbc.Driver</jdbc-driver>
      <jdbc-url>jdbc:mysql://percona01-m01:3306</jdbc-url>
      <jdbc-additional-properties>
        <property name="com.intellij.clouds.kubernetes.db.host.port" />
        <property name="com.intellij.clouds.kubernetes.db.enabled" value="false" />
        <property name="com.intellij.clouds.kubernetes.db.resource.type" value="Deployment" />
        <property name="com.intellij.clouds.kubernetes.db.container.port" />
      </jdbc-additional-properties>
      <working-dir>$ProjectFileDir$</working-dir>
    </data-source>
    <data-source source="LOCAL" name="redshift" uuid="d92804ae-5d1e-413b-879a-42ddc725f448">
      <driver-ref>redshift</driver-ref>
      <synchronize>true</synchronize>
      <jdbc-driver>com.amazon.redshift.jdbc.Driver</jdbc-driver>
      <jdbc-url>jdbc:redshift://redshift-prod.boku.com:5439/proddw</jdbc-url>
      <jdbc-additional-properties>
        <property name="com.intellij.clouds.kubernetes.db.host.port" />
        <property name="com.intellij.clouds.kubernetes.db.enabled" value="false" />
        <property name="com.intellij.clouds.kubernetes.db.resource.type" value="Deployment" />
        <property name="com.intellij.clouds.kubernetes.db.container.port" />
      </jdbc-additional-properties>
      <vm-options>-Xmx4096m</vm-options>
      <working-dir>$ProjectFileDir$</working-dir>
    </data-source>
    <data-source source="LOCAL" name="H2 in-memory" uuid="76715a27-755d-4719-be21-70a868f3ec87">
      <driver-ref>h2.unified</driver-ref>
      <synchronize>true</synchronize>
      <jdbc-driver>org.h2.Driver</jdbc-driver>
      <jdbc-url>jdbc:h2:mem:paymorwDataSource;DB_CLOSE_DELAY=-1</jdbc-url>
      <working-dir>$ProjectFileDir$</working-dir>
    </data-source>
    <data-source source="LOCAL" name="redshift QA" uuid="f239842b-142f-4125-a366-0d1543358641">
      <driver-ref>redshift</driver-ref>
      <synchronize>true</synchronize>
      <jdbc-driver>com.amazon.redshift.jdbc.Driver</jdbc-driver>
      <jdbc-url>jdbc:redshift://redshift-qa.boku.com:5439/qa</jdbc-url>
      <jdbc-additional-properties>
        <property name="com.intellij.clouds.kubernetes.db.host.port" />
        <property name="com.intellij.clouds.kubernetes.db.enabled" value="false" />
        <property name="com.intellij.clouds.kubernetes.db.resource.type" value="Deployment" />
        <property name="com.intellij.clouds.kubernetes.db.container.port" />
      </jdbc-additional-properties>
      <vm-options>-Xmx4096m</vm-options>
      <working-dir>$ProjectFileDir$</working-dir>
    </data-source>
  </component>
</application>