<application>
  <component name="DockerRegistry">
    <DockerRegistry>
      <option name="address" value="artifactory.boku.com" />
      <option name="name" value="New Docker Registry" />
      <option name="registryProviderId" value="DockerDummyRegistryProvider" />
      <option name="username" value="pguedes" />
    </DockerRegistry>
    <DockerRegistry>
      <option name="address" value="https://artifactory.boku.com/artifactory/libs-releases/" />
      <option name="name" value="New Docker Registry" />
      <option name="registryProviderId" value="DockerDummyRegistryProvider" />
      <option name="username" value="pguedes" />
    </DockerRegistry>
  </component>
</application>