<application>
  <component name="FileTypeManager" version="19">
    <extensionMap>
      <mapping pattern="payout-blackbox-tester-deps" type="AUTO_DETECTED" />
      <mapping pattern="CHANGELOG" type="AUTO_DETECTED" />
      <mapping pattern="payout-blackbox-tester" type="AUTO_DETECTED" />
      <mapping pattern="boku-imali-vaultkeyhelper-old" type="AUTO_DETECTED" />
      <mapping pattern="search_dev_logs" type="AUTO_DETECTED" />
      <mapping pattern="payout-computation-test-server" type="AUTO_DETECTED" />
      <mapping pattern="searchlogs-test" type="AUTO_DETECTED" />
      <mapping ext="dev-runner" type="AUTO_DETECTED" />
      <mapping ext="p12" type="PLAIN_TEXT" />
      <mapping ext="custom" type="PLAIN_TEXT" />
      <mapping ext="jks" type="PLAIN_TEXT" />
      <removed_mapping ext="apk" approved="true" type="ARCHIVE" />
      <removed_mapping ext="psd" approved="true" type="Image" />
      <removed_mapping ext="qrc" approved="true" type="XML" />
    </extensionMap>
  </component>
</application>