<application>
  <component name="FindSettings">
    <option name="customScope" value="Project Files" />
    <option name="defaultScopeName" value="Project Files" />
    <option name="localWholeWordsOnly" value="true" />
    <option name="LOCAL_WHOLE_WORDS_ONLY" value="true" />
    <option name="SEARCH_SCOPE" value="Project Files" />
    <mask>*.css</mask>
    <mask>*.jsp</mask>
    <mask>*.js</mask>
    <mask>*.html</mask>
    <mask>*.log</mask>
    <mask>§</mask>
    <mask>*.properties</mask>
    <mask>*.sql</mask>
    <mask>pom.xml</mask>
    <mask>changelog.xml</mask>
    <mask>*.log*</mask>
    <mask>*.java</mask>
    <mask>*.xml</mask>
  </component>
</application>