<application>
  <component name="SshConfigs">
    <configs>
      <sshConfig host="qa-utility" id="de623b48-9e0c-474d-bab0-191fb63802bd" keyPath="$USER_HOME$/.ssh/id_rsa" port="22" nameFormat="DESCRIPTIVE" username="pguedes" useOpenSSHConfig="true" />
      <sshConfig host="qa-utility" id="84392467-bf6b-40d9-bc92-12b66561868f" keyPath="$USER_HOME$/.ssh/id_rsa" port="22" customName="pguedes@qa-utility:22 key2" nameFormat="CUSTOM" username="pguedes" useOpenSSHConfig="true">
        <option name="customName" value="pguedes@qa-utility:22 key2" />
      </sshConfig>
      <sshConfig host="bastion-aws-usw2.boku.com" id="ad9f52b9-4b0b-4089-ae95-dfd48507b01b" keyPath="$USER_HOME$/.ssh/id_rsa" port="2222" nameFormat="DESCRIPTIVE" username="pguedes" useOpenSSHConfig="true" />
      <sshConfig host="bastion-cte" id="ad6c8b47-a1b9-4a65-a22a-695e4c021e7f" keyPath="$USER_HOME$/.ssh/id_rsa" port="2222" customName="pguedes@bastion-cte:2222" nameFormat="CUSTOM" username="pguedes" useOpenSSHConfig="true">
        <option name="customName" value="pguedes@bastion-cte:2222" />
      </sshConfig>
      <sshConfig host="mte" id="6cd90135-1074-4b7a-a5b4-2eb0b61056f6" keyPath="$USER_HOME$/.ssh/id_rsa" port="2222" customName="pguedes@bastion-mte:2222" nameFormat="CUSTOM" username="pguedes" useOpenSSHConfig="true">
        <option name="customName" value="pguedes@bastion-mte:2222" />
      </sshConfig>
      <sshConfig host="qa-utility" id="8c4b5b2c-140f-489f-890c-8592ff35b194" keyPath="$USER_HOME$/.ssh/id_rsa" port="22" customName="pguedes@qa-utility:22 key3" nameFormat="CUSTOM" username="pguedes" useOpenSSHConfig="true">
        <option name="customName" value="pguedes@qa-utility:22 key3" />
      </sshConfig>
      <sshConfig host="use1-utility" id="377872d3-2a9c-48ed-8104-3e652d9a3d1a" keyPath="$USER_HOME$/.ssh/id_rsa" port="22" nameFormat="DESCRIPTIVE" username="pguedes" useOpenSSHConfig="true" />
      <sshConfig host="use1-utility" id="381808ca-6f8e-48b2-aaeb-898145354b21" keyPath="$USER_HOME$/.ssh/id_rsa" port="22" customName="pguedes@use1-utility:22 key2" nameFormat="CUSTOM" username="pguedes" useOpenSSHConfig="true">
        <option name="customName" value="pguedes@use1-utility:22 key2" />
      </sshConfig>
      <sshConfig authType="PASSWORD" host="pguedes-linux" id="54d9a1e3-2597-424b-a3e3-121ef9c324a0" port="22" nameFormat="DESCRIPTIVE" username="pguedes" useOpenSSHConfig="true" />
    </configs>
  </component>
</application>